millis,stamp,datetime,motion
1000,1564565564, 2019/7/31 9:32:44, Inactive
1999,1564565565, 2019/7/31 9:32:45, Inactive
3000,1564565566, 2019/7/31 9:32:46, Inactive
3999,1564565567, 2019/7/31 9:32:47, Inactive
5000,1564565568, 2019/7/31 9:32:48, Inactive
5998,1564565569, 2019/7/31 9:32:49, Active
7000,1564565570, 2019/7/31 9:32:50, Inactive
7999,1564565571, 2019/7/31 9:32:51, Inactive
8999,1564565572, 2019/7/31 9:32:52, Inactive
10000,1564565573, 2019/7/31 9:32:53, Active
10999,1564565574, 2019/7/31 9:32:54, Inactive
11999,1564565575, 2019/7/31 9:32:55, Inactive
12999,1564565576, 2019/7/31 9:32:56, Inactive
14000,1564565577, 2019/7/31 9:32:57, Inactive
14998,1564565578, 2019/7/31 9:32:58, Inactive
16000,1564565579, 2019/7/31 9:32:59, Inactive
16999,1564565580, 2019/7/31 9:33:0, Inactive
17999,1564565581, 2019/7/31 9:33:1, Inactive
19000,1564565582, 2019/7/31 9:33:2, Active
19999,1564565583, 2019/7/31 9:33:3, Inactive
20999,1564565584, 2019/7/31 9:33:4, Inactive
21999,1564565585, 2019/7/31 9:33:5, Inactive
23000,1564565586, 2019/7/31 9:33:6, Inactive
23999,1564565587, 2019/7/31 9:33:7, Inactive
24999,1564565588, 2019/7/31 9:33:8, Active
25999,1564565589, 2019/7/31 9:33:9, Inactive
26999,1564565590, 2019/7/31 9:33:10, Inactive
28000,1564565591, 2019/7/31 9:33:11, Inactive
28998,1564565592, 2019/7/31 9:33:12, Active
29999,1564565593, 2019/7/31 9:33:13, Inactive
30999,1564565594, 2019/7/31 9:33:14, Inactive
32000,1564565595, 2019/7/31 9:33:15, Inactive
32999,1564565596, 2019/7/31 9:33:16, Inactive
33999,1564565597, 2019/7/31 9:33:17, Active
34999,1564565598, 2019/7/31 9:33:18, Inactive
35999,1564565599, 2019/7/31 9:33:19, Inactive
37000,1564565600, 2019/7/31 9:33:20, Inactive
37999,1564565601, 2019/7/31 9:33:21, Inactive
39000,1564565602, 2019/7/31 9:33:22, Inactive
39999,1564565603, 2019/7/31 9:33:23, Active
40999,1564565604, 2019/7/31 9:33:24, Inactive
41999,1564565605, 2019/7/31 9:33:25, Inactive
42999,1564565606, 2019/7/31 9:33:26, Active
43999,1564565607, 2019/7/31 9:33:27, Active
44999,1564565608, 2019/7/31 9:33:28, Inactive
46000,1564565609, 2019/7/31 9:33:29, Inactive
46999,1564565610, 2019/7/31 9:33:30, Active
48000,1564565611, 2019/7/31 9:33:31, Inactive
48999,1564565612, 2019/7/31 9:33:32, Inactive
49999,1564565613, 2019/7/31 9:33:33, Inactive
50999,1564565614, 2019/7/31 9:33:34, Inactive
51999,1564565615, 2019/7/31 9:33:35, Inactive
53000,1564565616, 2019/7/31 9:33:36, Inactive
53999,1564565617, 2019/7/31 9:33:37, Inactive
54999,1564565618, 2019/7/31 9:33:38, Active
55998,1564565619, 2019/7/31 9:33:39, Inactive
56999,1564565620, 2019/7/31 9:33:40, Inactive
57999,1564565621, 2019/7/31 9:33:41, Inactive
58999,1564565622, 2019/7/31 9:33:42, Inactive
60000,1564565623, 2019/7/31 9:33:43, Inactive
60999,1564565624, 2019/7/31 9:33:44, Active
61999,1564565625, 2019/7/31 9:33:45, Inactive
62999,1564565626, 2019/7/31 9:33:46, Inactive
64000,1564565627, 2019/7/31 9:33:47, Inactive
64999,1564565628, 2019/7/31 9:33:48, Inactive
65999,1564565629, 2019/7/31 9:33:49, Active
66998,1564565630, 2019/7/31 9:33:50, Inactive
67999,1564565631, 2019/7/31 9:33:51, Inactive
68999,1564565632, 2019/7/31 9:33:52, Inactive
69999,1564565633, 2019/7/31 9:33:53, Inactive
71000,1564565634, 2019/7/31 9:33:54, Active
71998,1564565635, 2019/7/31 9:33:55, Active
72999,1564565636, 2019/7/31 9:33:56, Inactive
73999,1564565637, 2019/7/31 9:33:57, Inactive
74999,1564565638, 2019/7/31 9:33:58, Active
75999,1564565639, 2019/7/31 9:33:59, Inactive
76999,1564565640, 2019/7/31 9:34:0, Inactive
78000,1564565641, 2019/7/31 9:34:1, Inactive
78999,1564565642, 2019/7/31 9:34:2, Inactive
80000,1564565643, 2019/7/31 9:34:3, Inactive
80999,1564565644, 2019/7/31 9:34:4, Inactive
81999,1564565645, 2019/7/31 9:34:5, Inactive
82999,1564565646, 2019/7/31 9:34:6, Active
83999,1564565647, 2019/7/31 9:34:7, Inactive
85000,1564565648, 2019/7/31 9:34:8, Inactive
85999,1564565649, 2019/7/31 9:34:9, Inactive
87000,1564565650, 2019/7/31 9:34:10, Active
87999,1564565651, 2019/7/31 9:34:11, Inactive
88998,1564565652, 2019/7/31 9:34:12, Inactive
89999,1564565653, 2019/7/31 9:34:13, Inactive
90999,1564565654, 2019/7/31 9:34:14, Inactive
91999,1564565655, 2019/7/31 9:34:15, Active
92999,1564565656, 2019/7/31 9:34:16, Active
94000,1564565657, 2019/7/31 9:34:17, Inactive
94999,1564565658, 2019/7/31 9:34:18, Inactive
96000,1564565659, 2019/7/31 9:34:19, Active
96999,1564565660, 2019/7/31 9:34:20, Active
97999,1564565661, 2019/7/31 9:34:21, Inactive
98999,1564565662, 2019/7/31 9:34:22, Inactive
99999,1564565663, 2019/7/31 9:34:23, Inactive
100999,1564565664, 2019/7/31 9:34:24, Active
101999,1564565665, 2019/7/31 9:34:25, Active
103000,1564565666, 2019/7/31 9:34:26, Inactive
103999,1564565667, 2019/7/31 9:34:27, Inactive
104999,1564565668, 2019/7/31 9:34:28, Inactive
105999,1564565669, 2019/7/31 9:34:29, Active
106998,1564565670, 2019/7/31 9:34:30, Inactive
107999,1564565671, 2019/7/31 9:34:31, Inactive
108999,1564565672, 2019/7/31 9:34:32, Inactive
110000,1564565673, 2019/7/31 9:34:33, Inactive
110999,1564565674, 2019/7/31 9:34:34, Inactive
112000,1564565675, 2019/7/31 9:34:35, Active
112999,1564565676, 2019/7/31 9:34:36, Inactive
113999,1564565677, 2019/7/31 9:34:37, Inactive
114999,1564565678, 2019/7/31 9:34:38, Inactive
115999,1564565679, 2019/7/31 9:34:39, Active
116999,1564565680, 2019/7/31 9:34:40, Inactive
117999,1564565681, 2019/7/31 9:34:41, Inactive
119000,1564565682, 2019/7/31 9:34:42, Inactive
119999,1564565683, 2019/7/31 9:34:43, Inactive
120999,1564565684, 2019/7/31 9:34:44, Inactive
121999,1564565685, 2019/7/31 9:34:45, Active
122999,1564565686, 2019/7/31 9:34:46, Inactive
123999,1564565687, 2019/7/31 9:34:47, Inactive
124999,1564565688, 2019/7/31 9:34:48, Inactive
126000,1564565689, 2019/7/31 9:34:49, Inactive
126999,1564565690, 2019/7/31 9:34:50, Active
128000,1564565691, 2019/7/31 9:34:51, Inactive
128999,1564565692, 2019/7/31 9:34:52, Inactive
129999,1564565693, 2019/7/31 9:34:53, Inactive
130999,1564565694, 2019/7/31 9:34:54, Inactive
131999,1564565695, 2019/7/31 9:34:55, Inactive
132999,1564565696, 2019/7/31 9:34:56, Inactive
133999,1564565697, 2019/7/31 9:34:57, Inactive
135000,1564565698, 2019/7/31 9:34:58, Inactive
135998,1564565699, 2019/7/31 9:34:59, Inactive
136999,1564565700, 2019/7/31 9:35:0, Active
137999,1564565701, 2019/7/31 9:35:1, Inactive
138999,1564565702, 2019/7/31 9:35:2, Inactive
139998,1564565703, 2019/7/31 9:35:3, Inactive
140999,1564565704, 2019/7/31 9:35:4, Inactive
142000,1564565705, 2019/7/31 9:35:5, Active
142999,1564565706, 2019/7/31 9:35:6, Active
144000,1564565707, 2019/7/31 9:35:7, Inactive
144999,1564565708, 2019/7/31 9:35:8, Inactive
145998,1564565709, 2019/7/31 9:35:9, Inactive
146999,1564565710, 2019/7/31 9:35:10, Active
147999,1564565711, 2019/7/31 9:35:11, Inactive
148999,1564565712, 2019/7/31 9:35:12, Inactive
149999,1564565713, 2019/7/31 9:35:13, Inactive
150999,1564565714, 2019/7/31 9:35:14, Inactive
151999,1564565715, 2019/7/31 9:35:15, Active
152998,1564565716, 2019/7/31 9:35:16, Active
153999,1564565717, 2019/7/31 9:35:17, Inactive
154999,1564565718, 2019/7/31 9:35:18, Inactive
156000,1564565719, 2019/7/31 9:35:19, Inactive
156999,1564565720, 2019/7/31 9:35:20, Active
157999,1564565721, 2019/7/31 9:35:21, Inactive
158999,1564565722, 2019/7/31 9:35:22, Inactive
160000,1564565723, 2019/7/31 9:35:23, Inactive
160999,1564565724, 2019/7/31 9:35:24, Inactive
161999,1564565725, 2019/7/31 9:35:25, Inactive
162999,1564565726, 2019/7/31 9:35:26, Active
163999,1564565727, 2019/7/31 9:35:27, Inactive
164999,1564565728, 2019/7/31 9:35:28, Inactive
165999,1564565729, 2019/7/31 9:35:29, Inactive
167000,1564565730, 2019/7/31 9:35:30, Inactive
167999,1564565731, 2019/7/31 9:35:31, Active
168999,1564565732, 2019/7/31 9:35:32, Inactive
169999,1564565733, 2019/7/31 9:35:33, Inactive
170999,1564565734, 2019/7/31 9:35:34, Inactive
171999,1564565735, 2019/7/31 9:35:35, Active
172999,1564565736, 2019/7/31 9:35:36, Active
174000,1564565737, 2019/7/31 9:35:37, Inactive
174999,1564565738, 2019/7/31 9:35:38, Inactive
176000,1564565739, 2019/7/31 9:35:39, Active
176999,1564565740, 2019/7/31 9:35:40, Active
177999,1564565741, 2019/7/31 9:35:41, Inactive
178999,1564565742, 2019/7/31 9:35:42, Inactive
179999,1564565743, 2019/7/31 9:35:43, Inactive
181000,1564565744, 2019/7/31 9:35:44, Active
181998,1564565745, 2019/7/31 9:35:45, Inactive
182999,1564565746, 2019/7/31 9:35:46, Inactive
183999,1564565747, 2019/7/31 9:35:47, Inactive
184999,1564565748, 2019/7/31 9:35:48, Active
185999,1564565749, 2019/7/31 9:35:49, Inactive
186999,1564565750, 2019/7/31 9:35:50, Inactive
187999,1564565751, 2019/7/31 9:35:51, Inactive
188999,1564565752, 2019/7/31 9:35:52, Active
189999,1564565753, 2019/7/31 9:35:53, Active
190999,1564565754, 2019/7/31 9:35:54, Inactive
191998,1564565755, 2019/7/31 9:35:55, Inactive
192999,1564565756, 2019/7/31 9:35:56, Inactive
193999,1564565757, 2019/7/31 9:35:57, Inactive
194998,1564565758, 2019/7/31 9:35:58, Inactive
195999,1564565759, 2019/7/31 9:35:59, Active
196999,1564565760, 2019/7/31 9:36:0, Active
197999,1564565761, 2019/7/31 9:36:1, Inactive
199000,1564565762, 2019/7/31 9:36:2, Inactive
199999,1564565763, 2019/7/31 9:36:3, Inactive
200999,1564565764, 2019/7/31 9:36:4, Active
201999,1564565765, 2019/7/31 9:36:5, Inactive
202999,1564565766, 2019/7/31 9:36:6, Inactive
